group_id,order_n,lib_id,name,is_abelian
1,6,1,S3,0
2,6,2,C6,1
3,7,1,C7,1
4,8,1,C8,1
5,8,2,C4 x C2,1
6,8,3,D8,0
7,8,4,Q8,0
8,8,5,C2 x C2 x C2,1
9,9,1,C9,1
10,9,2,C3 x C3,1
11,10,1,D10,0
12,10,2,C10,1
13,11,1,C11,1
14,12,1,C3 : C4,0
15,12,2,C12,1
16,12,3,A4,0
17,12,4,D12,0
18,12,5,C6 x C2,1
19,13,1,C13,1
20,14,1,D14,0
21,14,2,C14,1
22,15,1,C15,1
23,16,1,C16,1
24,16,2,C4 x C4,1
25,16,3,(C4 x C2) : C2,0
26,16,4,C4 : C4,0
27,16,5,C8 x C2,1
28,16,6,C8 : C2,0
29,16,7,D16,0
30,16,8,QD16,0
31,16,9,Q16,0
32,16,10,C4 x C2 x C2,1
33,16,11,C2 x D8,0
34,16,12,C2 x Q8,0
35,16,13,(C4 x C2) : C2,0
36,16,14,C2 x C2 x C2 x C2,1
37,17,1,C17,1
38,18,1,D18,0
39,18,2,C18,1
40,18,3,C3 x S3,0
41,18,4,(C3 x C3) : C2,0
42,18,5,C6 x C3,1
43,19,1,C19,1
44,20,1,C5 : C4,0
45,20,2,C20,1
46,20,3,C5 : C4,0
47,20,4,D20,0
48,20,5,C10 x C2,1
49,21,1,C7 : C3,0
50,21,2,C21,1
51,22,1,D22,0
52,22,2,C22,1
53,23,1,C23,1
54,24,1,C3 : C8,0
55,24,2,C24,1
56,24,3,"SL(2,3)",0
57,24,4,C3 : Q8,0
58,24,5,C4 x S3,0
59,24,6,D24,0
60,24,7,C2 x (C3 : C4),0
61,24,8,(C6 x C2) : C2,0
62,24,9,C12 x C2,1
63,24,10,C3 x D8,0
64,24,11,C3 x Q8,0
65,24,12,S4,0
66,24,13,C2 x A4,0
67,24,14,C2 x C2 x S3,0
68,24,15,C6 x C2 x C2,1
69,25,1,C25,1
70,25,2,C5 x C5,1
71,26,1,D26,0
72,26,2,C26,1
73,27,1,C27,1
74,27,2,C9 x C3,1
75,27,3,(C3 x C3) : C3,0
76,27,4,C9 : C3,0
77,27,5,C3 x C3 x C3,1
78,28,1,C7 : C4,0
79,28,2,C28,1
80,28,3,D28,0
81,28,4,C14 x C2,1
82,29,1,C29,1
83,30,1,C5 x S3,0
84,30,2,C3 x D10,0
85,30,3,D30,0
86,30,4,C30,1
87,31,1,C31,1
88,32,1,C32,1
89,32,2,(C4 x C2) : C4,0
90,32,3,C8 x C4,1
91,32,4,C8 : C4,0
92,32,5,(C8 x C2) : C2,0
93,32,6,(C2 x C2 x C2) : C4,0
94,32,7,(C8 : C2) : C2,0
95,32,8,C2 . ((C4 x C2) : C2) = (C2 x C2) . (C4 x C2),0
96,32,9,(C8 x C2) : C2,0
97,32,10,Q8 : C4,0
98,32,11,(C4 x C4) : C2,0
99,32,12,C4 : C8,0
100,32,13,C8 : C4,0
101,32,14,C8 : C4,0
102,32,15,C4 . D8 = C4 . (C4 x C2),0
103,32,16,C16 x C2,1
104,32,17,C16 : C2,0
105,32,18,D32,0
106,32,19,QD32,0
107,32,20,Q32,0
108,32,21,C4 x C4 x C2,1
109,32,22,C2 x ((C4 x C2) : C2),0
110,32,23,C2 x (C4 : C4),0
111,32,24,(C4 x C4) : C2,0
112,32,25,C4 x D8,0
113,32,26,C4 x Q8,0
114,32,27,(C2 x C2 x C2 x C2) : C2,0
115,32,28,(C4 x C2 x C2) : C2,0
116,32,29,(C2 x Q8) : C2,0
117,32,30,(C4 x C2 x C2) : C2,0
118,32,31,(C4 x C4) : C2,0
119,32,32,(C2 x C2) . (C2 x C2 x C2),0
120,32,33,(C4 x C4) : C2,0
121,32,34,(C4 x C4) : C2,0
122,32,35,C4 : Q8,0
123,32,36,C8 x C2 x C2,1
124,32,37,C2 x (C8 : C2),0
125,32,38,(C8 x C2) : C2,0
126,32,39,C2 x D16,0
127,32,40,C2 x QD16,0
128,32,41,C2 x Q16,0
129,32,42,(C8 x C2) : C2,0
130,32,43,C8 : (C2 x C2),0
131,32,44,(C2 x Q8) : C2,0
132,32,45,C4 x C2 x C2 x C2,1
133,32,46,C2 x C2 x D8,0
134,32,47,C2 x C2 x Q8,0
135,32,48,C2 x ((C4 x C2) : C2),0
136,32,49,(C2 x C2 x C2) : (C2 x C2),0
137,32,50,(C2 x Q8) : C2,0
138,32,51,C2 x C2 x C2 x C2 x C2,1
139,33,1,C33,1
140,34,1,D34,0
141,34,2,C34,1
142,35,1,C35,1
143,36,1,C9 : C4,0
144,36,2,C36,1
145,36,3,(C2 x C2) : C9,0
146,36,4,D36,0
147,36,5,C18 x C2,1
148,36,6,C3 x (C3 : C4),0
149,36,7,(C3 x C3) : C4,0
150,36,8,C12 x C3,1
151,36,9,(C3 x C3) : C4,0
152,36,10,S3 x S3,0
153,36,11,C3 x A4,0
154,36,12,C6 x S3,0
155,36,13,C2 x ((C3 x C3) : C2),0
156,36,14,C6 x C6,1
157,37,1,C37,1
158,38,1,D38,0
159,38,2,C38,1
160,39,1,C13 : C3,0
161,39,2,C39,1
162,40,1,C5 : C8,0
163,40,2,C40,1
164,40,3,C5 : C8,0
165,40,4,C5 : Q8,0
166,40,5,C4 x D10,0
167,40,6,D40,0
168,40,7,C2 x (C5 : C4),0
169,40,8,(C10 x C2) : C2,0
170,40,9,C20 x C2,1
171,40,10,C5 x D8,0
172,40,11,C5 x Q8,0
173,40,12,C2 x (C5 : C4),0
174,40,13,C2 x C2 x D10,0
175,40,14,C10 x C2 x C2,1
176,41,1,C41,1
177,42,1,C7 : C6,0
178,42,2,C2 x (C7 : C3),0
179,42,3,C7 x S3,0
180,42,4,C3 x D14,0
181,42,5,D42,0
182,42,6,C42,1
183,43,1,C43,1
184,44,1,C11 : C4,0
185,44,2,C44,1
186,44,3,D44,0
187,44,4,C22 x C2,1
188,45,1,C45,1
189,45,2,C15 x C3,1
190,46,1,D46,0
191,46,2,C46,1
192,47,1,C47,1
193,48,1,C3 : C16,0
194,48,2,C48,1
195,48,3,(C4 x C4) : C3,0
196,48,4,C8 x S3,0
197,48,5,C24 : C2,0
198,48,6,C24 : C2,0
199,48,7,D48,0
200,48,8,C3 : Q16,0
201,48,9,C2 x (C3 : C8),0
202,48,10,(C3 : C8) : C2,0
203,48,11,C4 x (C3 : C4),0
204,48,12,(C3 : C4) : C4,0
205,48,13,C12 : C4,0
206,48,14,(C12 x C2) : C2,0
207,48,15,(C3 x D8) : C2,0
208,48,16,(C3 : Q8) : C2,0
209,48,17,(C3 x Q8) : C2,0
210,48,18,C3 : Q16,0
211,48,19,(C6 x C2) : C4,0
212,48,20,C12 x C4,1
213,48,21,C3 x ((C4 x C2) : C2),0
214,48,22,C3 x (C4 : C4),0
215,48,23,C24 x C2,1
216,48,24,C3 x (C8 : C2),0
217,48,25,C3 x D16,0
218,48,26,C3 x QD16,0
219,48,27,C3 x Q16,0
220,48,28,"C2 . S4 = SL(2,3) . C2",0
221,48,29,"GL(2,3)",0
222,48,30,A4 : C4,0
223,48,31,C4 x A4,0
224,48,32,"C2 x SL(2,3)",0
225,48,33,((C4 x C2) : C2) : C3,0
226,48,34,C2 x (C3 : Q8),0
227,48,35,C2 x C4 x S3,0
228,48,36,C2 x D24,0
229,48,37,(C12 x C2) : C2,0
230,48,38,D8 x S3,0
231,48,39,(C4 x S3) : C2,0
232,48,40,Q8 x S3,0
233,48,41,(C4 x S3) : C2,0
234,48,42,C2 x C2 x (C3 : C4),0
235,48,43,C2 x ((C6 x C2) : C2),0
236,48,44,C12 x C2 x C2,1
237,48,45,C6 x D8,0
238,48,46,C6 x Q8,0
239,48,47,C3 x ((C4 x C2) : C2),0
240,48,48,C2 x S4,0
241,48,49,C2 x C2 x A4,0
242,48,50,(C2 x C2 x C2 x C2) : C3,0
243,48,51,C2 x C2 x C2 x S3,0
244,48,52,C6 x C2 x C2 x C2,1
245,49,1,C49,1
246,49,2,C7 x C7,1
247,50,1,D50,0
248,50,2,C50,1
249,50,3,C5 x D10,0
250,50,4,(C5 x C5) : C2,0
251,50,5,C10 x C5,1
252,51,1,C51,1
253,52,1,C13 : C4,0
254,52,2,C52,1
255,52,3,C13 : C4,0
256,52,4,D52,0
257,52,5,C26 x C2,1
258,53,1,C53,1
259,54,1,D54,0
260,54,2,C54,1
261,54,3,C3 x D18,0
262,54,4,C9 x S3,0
263,54,5,(C3 x C3) : C6,0
264,54,6,C9 : C6,0
265,54,7,(C9 x C3) : C2,0
266,54,8,((C3 x C3) : C3) : C2,0
267,54,9,C18 x C3,1
268,54,10,C2 x ((C3 x C3) : C3),0
269,54,11,C2 x (C9 : C3),0
270,54,12,C3 x C3 x S3,0
271,54,13,C3 x ((C3 x C3) : C2),0
272,54,14,(C3 x C3 x C3) : C2,0
273,54,15,C6 x C3 x C3,1
274,55,1,C11 : C5,0
275,55,2,C55,1
276,56,1,C7 : C8,0
277,56,2,C56,1
278,56,3,C7 : Q8,0
279,56,4,C4 x D14,0
280,56,5,D56,0
281,56,6,C2 x (C7 : C4),0
282,56,7,(C14 x C2) : C2,0
283,56,8,C28 x C2,1
284,56,9,C7 x D8,0
285,56,10,C7 x Q8,0
286,56,11,(C2 x C2 x C2) : C7,0
287,56,12,C2 x C2 x D14,0
288,56,13,C14 x C2 x C2,1
289,57,1,C19 : C3,0
290,57,2,C57,1
291,58,1,D58,0
292,58,2,C58,1
293,59,1,C59,1
294,60,1,C5 x (C3 : C4),0
295,60,2,C3 x (C5 : C4),0
296,60,3,C15 : C4,0
297,60,4,C60,1
298,60,5,A5,0
299,60,6,C3 x (C5 : C4),0
300,60,7,C15 : C4,0
301,60,8,S3 x D10,0
302,60,9,C5 x A4,0
303,60,10,C6 x D10,0
304,60,11,C10 x S3,0
305,60,12,D60,0
306,60,13,C30 x C2,1
307,61,1,C61,1
308,62,1,D62,0
309,62,2,C62,1
310,63,1,C7 : C9,0
311,63,2,C63,1
312,63,3,C3 x (C7 : C3),0
313,63,4,C21 x C3,1
314,64,1,C64,1
315,64,2,C8 x C8,1
316,64,3,C8 : C8,0
317,64,4,((C8 x C2) : C2) : C2,0
318,64,5,(C4 x C2) : C8,0
319,64,6,(C8 x C4) : C2,0
320,64,7,Q8 : C8,0
321,64,8,((C8 x C2) : C2) : C2,0
322,64,9,(C4 : C4) : C4,0
323,64,10,(C8 : C4) : C2,0
324,64,11,(C2 x C2) . ((C4 x C2) : C2) = (C4 x C2) . (C4 x C2),0
325,64,12,(C4 : C8) : C2,0
326,64,13,(C2 x C2) . ((C4 x C2) : C2) = (C4 x C2) . (C4 x C2),0
327,64,14,(C2 x C2) . ((C4 x C2) : C2) = (C4 x C2) . (C4 x C2),0
328,64,15,C8 : C8,0
329,64,16,C8 : C8,0
330,64,17,(C8 x C2) : C4,0
331,64,18,(C4 x C4) : C4,0
332,64,19,C4 . (C4 x C4),0
333,64,20,(C4 : C4) : C4,0
334,64,21,(C4 : C4) : C4,0
335,64,22,(C4 x C2) . D8 = C4 . (C4 x C4),0
336,64,23,((C4 x C2) : C2) : C4,0
337,64,24,(C8 : C2) : C4,0
338,64,25,(C8 x C2) : C4,0
339,64,26,C16 x C4,1
340,64,27,C16 : C4,0
341,64,28,C16 : C4,0
342,64,29,(C16 x C2) : C2,0
343,64,30,(C16 : C2) : C2,0
344,64,31,(C16 : C2) : C2,0
345,64,32,((C8 : C2) : C2) : C2,0
346,64,33,(C4 x C2 x C2) : C4,0
347,64,34,((C2 x C2 x C2) : C4) : C2,0
348,64,35,(C2 x Q8) : C4,0
349,64,36,(C2 . ((C4 x C2) : C2) = (C2 x C2) . (C4 x C2)) : C2,0
350,64,37,C2 . ((C2 x C2 x C2) : C4) = (C4 x C2) . (C4 x C2),0
351,64,38,(C16 x C2) : C2,0
352,64,39,Q16 : C4,0
353,64,40,(C16 x C2) : C2,0
354,64,41,(C16 : C2) : C2,0
355,64,42,(C16 : C2) : C2,0
356,64,43,C2 . ((C8 x C2) : C2) = C8 . (C4 x C2),0
357,64,44,C4 : C16,0
358,64,45,C8 . D8 = C4 . (C8 x C2),0
359,64,46,C16 : C4,0
360,64,47,C16 : C4,0
361,64,48,C16 : C4,0
362,64,49,C4 . D16 = C8 . (C4 x C2),0
363,64,50,C32 x C2,1
364,64,51,C32 : C2,0
365,64,52,D64,0
366,64,53,QD64,0
367,64,54,Q64,0
368,64,55,C4 x C4 x C4,1
369,64,56,C2 x ((C4 x C2) : C4),0
370,64,57,(C4 x C4) : C4,0
371,64,58,C4 x ((C4 x C2) : C2),0
372,64,59,C4 x (C4 : C4),0
373,64,60,(C2 x ((C4 x C2) : C2)) : C2,0
374,64,61,((C4 x C2) : C4) : C2,0
375,64,62,((C4 x C2) : C4) : C2,0
376,64,63,(C4 x C4) : C4,0
377,64,64,(C4 x C4) : C4,0
378,64,65,(C4 x C4) : C4,0
379,64,66,(C2 x (C4 : C4)) : C2,0
380,64,67,(C2 x ((C4 x C2) : C2)) : C2,0
381,64,68,(C4 : C4) : C4,0
382,64,69,((C4 x C2) : C4) : C2,0
383,64,70,(C4 : C4) : C4,0
384,64,71,(C2 x (C4 : C4)) : C2,0
385,64,72,(C2 x Q8) : C4,0
386,64,73,(C2 x C2 x D8) : C2,0
387,64,74,((C4 x C2) : C4) : C2,0
388,64,75,(C2 x ((C4 x C2) : C2)) : C2,0
389,64,76,(C4 x C2) : Q8,0
390,64,77,(C2 x (C4 : C4)) : C2,0
391,64,78,(C2 x (C4 : C4)) : C2,0
392,64,79,(C2 x C2 x C2) . (C2 x C2 x C2),0
393,64,80,((C4 x C2) : C4) : C2,0
394,64,81,(C2 x C2 x C2) . (C2 x C2 x C2),0
395,64,82,(C2 x C2 x C2) . (C2 x C2 x C2),0
396,64,83,C8 x C4 x C2,1
397,64,84,C2 x (C8 : C4),0
398,64,85,C4 x (C8 : C2),0
399,64,86,(C8 x C4) : C2,0
400,64,87,C2 x ((C8 x C2) : C2),0
401,64,88,(C2 x (C8 : C2)) : C2,0
402,64,89,(C8 x C2 x C2) : C2,0
403,64,90,C2 x ((C2 x C2 x C2) : C4),0
404,64,91,((C4 x C4) : C2) : C2,0
405,64,92,C2 x ((C8 : C2) : C2),0
406,64,93,C2 x (C2 . ((C4 x C2) : C2) = (C2 x C2) . (C4 x C2)),0
407,64,94,(C2 x (C8 : C2)) : C2,0
408,64,95,C2 x ((C8 x C2) : C2),0
409,64,96,C2 x (Q8 : C4),0
410,64,97,((C4 x C4) : C2) : C2,0
411,64,98,(C2 x (C4 : C4)) : C2,0
412,64,99,((C4 x C4) : C2) : C2,0
413,64,100,(Q8 : C4) : C2,0
414,64,101,C2 x ((C4 x C4) : C2),0
415,64,102,(C2 x (C8 : C2)) : C2,0
416,64,103,C2 x (C4 : C8),0
417,64,104,(C4 : C8) : C2,0
418,64,105,(C4 : C8) : C2,0
419,64,106,C2 x (C8 : C4),0
420,64,107,C2 x (C8 : C4),0
421,64,108,(C8 : C4) : C2,0
422,64,109,(C8 : C4) : C2,0
423,64,110,C2 x (C4 . D8 = C4 . (C4 x C2)),0
424,64,111,(C4 . D8 = C4 . (C4 x C2)) : C2,0
425,64,112,(C8 x C4) : C2,0
426,64,113,(C8 : C4) : C2,0
427,64,114,(C8 x C4) : C2,0
428,64,115,C8 x D8,0
429,64,116,(C2 x (C8 : C2)) : C2,0
430,64,117,(C2 x (C8 : C2)) : C2,0
431,64,118,C4 x D16,0
432,64,119,C4 x QD16,0
433,64,120,C4 x Q16,0
434,64,121,(C4 x Q8) : C2,0
435,64,122,Q16 : C4,0
436,64,123,(C4 x D8) : C2,0
437,64,124,((C8 x C2) : C2) : C2,0
438,64,125,((C8 x C2) : C2) : C2,0
439,64,126,C8 x Q8,0
440,64,127,C8 : Q8,0
441,64,128,((C4 x C2 x C2) : C2) : C2,0
442,64,129,(C2 x QD16) : C2,0
443,64,130,((C4 x C2 x C2) : C2) : C2,0
444,64,131,((C2 x Q8) : C2) : C2,0
445,64,132,(C2 x Q16) : C2,0
446,64,133,((C2 x Q8) : C2) : C2,0
447,64,134,((C4 x C4) : C2) : C2,0
448,64,135,((C4 x C4) : C2) : C2,0
449,64,136,((C4 x C4) : C2) : C2,0
450,64,137,(C4 : Q8) : C2,0
451,64,138,((C2 x C2 x C2 x C2) : C2) : C2,0
452,64,139,((C4 x C2 x C2) : C2) : C2,0
453,64,140,(C2 x D16) : C2,0
454,64,141,(C2 x QD16) : C2,0
455,64,142,(Q8 : C4) : C2,0
456,64,143,C4 : Q16,0
457,64,144,((C8 x C2) : C2) : C2,0
458,64,145,(C4 x Q8) : C2,0
459,64,146,((C8 x C2) : C2) : C2,0
460,64,147,((C4 x C2 x C2) : C2) : C2,0
461,64,148,(Q8 : C4) : C2,0
462,64,149,((C8 x C2) : C2) : C2,0
463,64,150,((C4 x C2 x C2) : C2) : C2,0
464,64,151,(Q8 : C4) : C2,0
465,64,152,((C8 : C2) : C2) : C2,0
466,64,153,(C8 : (C2 x C2)) : C2,0
467,64,154,(C2 . ((C4 x C2) : C2) = (C2 x C2) . (C4 x C2)) : C2,0
468,64,155,(C8 : C4) : C2,0
469,64,156,Q8 : Q8,0
470,64,157,(C8 : C4) : C2,0
471,64,158,Q8 : Q8,0
472,64,159,(C8 : C4) : C2,0
473,64,160,(C2 x C2) . (C2 x D8) = (C4 x C2) . (C2 x C2 x C2),0
474,64,161,((C8 x C2) : C2) : C2,0
475,64,162,((C8 x C2) : C2) : C2,0
476,64,163,((C8 x C2) : C2) : C2,0
477,64,164,(Q8 : C4) : C2,0
478,64,165,(Q8 : C4) : C2,0
479,64,166,(Q8 : C4) : C2,0
480,64,167,((C8 x C2) : C2) : C2,0
481,64,168,(C2 x C2) . (C2 x D8) = (C4 x C2) . (C2 x C2 x C2),0
482,64,169,(C8 x C4) : C2,0
483,64,170,(C8 : C4) : C2,0
484,64,171,((C8 x C2) : C2) : C2,0
485,64,172,(C2 x C2) . (C2 x D8) = (C4 x C2) . (C2 x C2 x C2),0
486,64,173,(C2 x QD16) : C2,0
487,64,174,((C4 x C4) : C2) : C2,0
488,64,175,C4 : Q16,0
489,64,176,((C4 x C4) : C2) : C2,0
490,64,177,((C4 x C4) : C2) : C2,0
491,64,178,(C4 : Q8) : C2,0
492,64,179,C8 : Q8,0
493,64,180,(C2 x C2) . (C2 x D8) = (C4 x C2) . (C2 x C2 x C2),0
494,64,181,C8 : Q8,0
495,64,182,C8 : Q8,0
496,64,183,C16 x C2 x C2,1
497,64,184,C2 x (C16 : C2),0
498,64,185,(C16 x C2) : C2,0
499,64,186,C2 x D32,0
500,64,187,C2 x QD32,0
501,64,188,C2 x Q32,0
502,64,189,((C8 x C2) : C2) : C2,0
503,64,190,((C8 x C2) : C2) : C2,0
504,64,191,QD32 : C2,0
505,64,192,C4 x C4 x C2 x C2,1
506,64,193,C2 x C2 x ((C4 x C2) : C2),0
507,64,194,C2 x C2 x (C4 : C4),0
508,64,195,C2 x ((C4 x C4) : C2),0
509,64,196,C2 x C4 x D8,0
510,64,197,C2 x C4 x Q8,0
511,64,198,C4 x ((C4 x C2) : C2),0
512,64,199,(C2 x ((C4 x C2) : C2)) : C2,0
513,64,200,(C4 x Q8) : C2,0
514,64,201,((C4 x C4) : C2) : C2,0
515,64,202,C2 x ((C2 x C2 x C2 x C2) : C2),0
516,64,203,C2 x ((C4 x C2 x C2) : C2),0
517,64,204,C2 x ((C2 x Q8) : C2),0
518,64,205,C2 x ((C4 x C2 x C2) : C2),0
519,64,206,(C2 x ((C4 x C2) : C2)) : C2,0
520,64,207,C2 x ((C4 x C4) : C2),0
521,64,208,C2 x ((C2 x C2) . (C2 x C2 x C2)),0
522,64,209,C2 x ((C4 x C4) : C2),0
523,64,210,((C4 x C4) : C2) : C2,0
524,64,211,C2 x ((C4 x C4) : C2),0
525,64,212,C2 x (C4 : Q8),0
526,64,213,(C2 x ((C4 x C2) : C2)) : C2,0
527,64,214,(C4 x Q8) : C2,0
528,64,215,(C2 x C2 x D8) : C2,0
529,64,216,(C2 x ((C4 x C2) : C2)) : C2,0
530,64,217,((C4 x C4) : C2) : C2,0
531,64,218,(C2 x ((C4 x C2) : C2)) : C2,0
532,64,219,(C4 x D8) : C2,0
533,64,220,(C4 x D8) : C2,0
534,64,221,(C4 x D8) : C2,0
535,64,222,(C4 x Q8) : C2,0
536,64,223,(C4 x D8) : C2,0
537,64,224,((C2 x Q8) : C2) : C2,0
538,64,225,(C4 : Q8) : C2,0
539,64,226,D8 x D8,0
540,64,227,(C2 x ((C4 x C2) : C2)) : C2,0
541,64,228,(C2 x ((C4 x C2) : C2)) : C2,0
542,64,229,(C2 x ((C4 x C2) : C2)) : C2,0
543,64,230,Q8 x D8,0
544,64,231,(C2 x ((C4 x C2) : C2)) : C2,0
545,64,232,((C4 x C4) : C2) : C2,0
546,64,233,((C4 x C4) : C2) : C2,0
547,64,234,((C4 x C4) : C2) : C2,0
548,64,235,(C2 x (C4 : C4)) : C2,0
549,64,236,((C4 x C4) : C2) : C2,0
550,64,237,((C4 x C4) : C2) : C2,0
551,64,238,Q8 : Q8,0
552,64,239,Q8 x Q8,0
553,64,240,(C4 x D8) : C2,0
554,64,241,((C4 x C2 x C2) : C2) : C2,0
555,64,242,((C4 x C4) : C2) : C2,0
556,64,243,((C4 x C2 x C2) : C2) : C2,0
557,64,244,(C4 : Q8) : C2,0
558,64,245,(C2 x C2) . (C2 x C2 x C2 x C2),0
559,64,246,C8 x C2 x C2 x C2,1
560,64,247,C2 x C2 x (C8 : C2),0
561,64,248,C2 x ((C8 x C2) : C2),0
562,64,249,(C2 x (C8 : C2)) : C2,0
563,64,250,C2 x C2 x D16,0
564,64,251,C2 x C2 x QD16,0
565,64,252,C2 x C2 x Q16,0
566,64,253,C2 x ((C8 x C2) : C2),0
567,64,254,C2 x (C8 : (C2 x C2)),0
568,64,255,C2 x ((C2 x Q8) : C2),0
569,64,256,((C8 x C2) : C2) : C2,0
570,64,257,(C2 x D16) : C2,0
571,64,258,(C2 x QD16) : C2,0
572,64,259,(C2 x Q16) : C2,0
573,64,260,C4 x C2 x C2 x C2 x C2,1
574,64,261,C2 x C2 x C2 x D8,0
575,64,262,C2 x C2 x C2 x Q8,0
576,64,263,C2 x C2 x ((C4 x C2) : C2),0
577,64,264,C2 x ((C2 x C2 x C2) : (C2 x C2)),0
578,64,265,C2 x ((C2 x Q8) : C2),0
579,64,266,(C2 x ((C4 x C2) : C2)) : C2,0
580,64,267,C2 x C2 x C2 x C2 x C2 x C2,1
581,65,1,C65,1
582,66,1,C11 x S3,0
583,66,2,C3 x D22,0
584,66,3,D66,0
585,66,4,C66,1
586,67,1,C67,1
587,68,1,C17 : C4,0
588,68,2,C68,1
589,68,3,C17 : C4,0
590,68,4,D68,0
591,68,5,C34 x C2,1
592,69,1,C69,1
593,70,1,C7 x D10,0
594,70,2,C5 x D14,0
595,70,3,D70,0
596,70,4,C70,1
597,71,1,C71,1
598,72,1,C9 : C8,0
599,72,2,C72,1
600,72,3,Q8 : C9,0
601,72,4,C9 : Q8,0
602,72,5,C4 x D18,0
603,72,6,D72,0
604,72,7,C2 x (C9 : C4),0
605,72,8,(C18 x C2) : C2,0
606,72,9,C36 x C2,1
607,72,10,C9 x D8,0
608,72,11,C9 x Q8,0
609,72,12,C3 x (C3 : C8),0
610,72,13,(C3 x C3) : C8,0
611,72,14,C24 x C3,1
612,72,15,((C2 x C2) : C9) : C2,0
613,72,16,C2 x ((C2 x C2) : C9),0
614,72,17,C2 x C2 x D18,0
615,72,18,C18 x C2 x C2,1
616,72,19,(C3 x C3) : C8,0
617,72,20,(C3 : C4) x S3,0
618,72,21,(C3 x C3) : (C4 x C2),0
619,72,22,(C6 x S3) : C2,0
620,72,23,(C6 x S3) : C2,0
621,72,24,(C3 x C3) : Q8,0
622,72,25,"C3 x SL(2,3)",0
623,72,26,C3 x (C3 : Q8),0
624,72,27,C12 x S3,0
625,72,28,C3 x D24,0
626,72,29,C6 x (C3 : C4),0
627,72,30,C3 x ((C6 x C2) : C2),0
628,72,31,(C3 x C3) : Q8,0
629,72,32,C4 x ((C3 x C3) : C2),0
630,72,33,(C12 x C3) : C2,0
631,72,34,C2 x ((C3 x C3) : C4),0
632,72,35,(C6 x C6) : C2,0
633,72,36,C12 x C6,1
634,72,37,C3 x C3 x D8,0
635,72,38,C3 x C3 x Q8,0
636,72,39,(C3 x C3) : C8,0
637,72,40,(S3 x S3) : C2,0
638,72,41,(C3 x C3) : Q8,0
639,72,42,C3 x S4,0
640,72,43,(C3 x A4) : C2,0
641,72,44,A4 x S3,0
642,72,45,C2 x ((C3 x C3) : C4),0
643,72,46,C2 x S3 x S3,0
644,72,47,C6 x A4,0
645,72,48,C2 x C6 x S3,0
646,72,49,C2 x C2 x ((C3 x C3) : C2),0
647,72,50,C6 x C6 x C2,1
648,73,1,C73,1
649,74,1,D74,0
650,74,2,C74,1
651,75,1,C75,1
652,75,2,(C5 x C5) : C3,0
653,75,3,C15 x C5,1
654,76,1,C19 : C4,0
655,76,2,C76,1
656,76,3,D76,0
657,76,4,C38 x C2,1
658,77,1,C77,1
659,78,1,C13 : C6,0
660,78,2,C2 x (C13 : C3),0
661,78,3,C13 x S3,0
662,78,4,C3 x D26,0
663,78,5,D78,0
664,78,6,C78,1
665,79,1,C79,1
666,80,1,C5 : C16,0
667,80,2,C80,1
668,80,3,C5 : C16,0
669,80,4,C8 x D10,0
670,80,5,C40 : C2,0
671,80,6,C40 : C2,0
672,80,7,D80,0
673,80,8,C5 : Q16,0
674,80,9,C2 x (C5 : C8),0
675,80,10,(C5 : C8) : C2,0
676,80,11,C4 x (C5 : C4),0
677,80,12,(C5 : C4) : C4,0
678,80,13,C20 : C4,0
679,80,14,(C20 x C2) : C2,0
680,80,15,(C5 x D8) : C2,0
681,80,16,(C5 : Q8) : C2,0
682,80,17,(C5 x Q8) : C2,0
683,80,18,C5 : Q16,0
684,80,19,(C10 x C2) : C4,0
685,80,20,C20 x C4,1
686,80,21,C5 x ((C4 x C2) : C2),0
687,80,22,C5 x (C4 : C4),0
688,80,23,C40 x C2,1
689,80,24,C5 x (C8 : C2),0
690,80,25,C5 x D16,0
691,80,26,C5 x QD16,0
692,80,27,C5 x Q16,0
693,80,28,C5 : (C8 x C2),0
694,80,29,(C5 : C8) : C2,0
695,80,30,C4 x (C5 : C4),0
696,80,31,C20 : C4,0
697,80,32,C2 x (C5 : C8),0
698,80,33,(C5 : C8) : C2,0
699,80,34,(C10 x C2) : C4,0
700,80,35,C2 x (C5 : Q8),0
701,80,36,C2 x C4 x D10,0
702,80,37,C2 x D40,0
703,80,38,(C20 x C2) : C2,0
704,80,39,D8 x D10,0
705,80,40,(C4 x D10) : C2,0
706,80,41,Q8 x D10,0
707,80,42,(C4 x D10) : C2,0
708,80,43,C2 x C2 x (C5 : C4),0
709,80,44,C2 x ((C10 x C2) : C2),0
710,80,45,C20 x C2 x C2,1
711,80,46,C10 x D8,0
712,80,47,C10 x Q8,0
713,80,48,C5 x ((C4 x C2) : C2),0
714,80,49,(C2 x C2 x C2 x C2) : C5,0
715,80,50,C2 x C2 x (C5 : C4),0
716,80,51,C2 x C2 x C2 x D10,0
717,80,52,C10 x C2 x C2 x C2,1
718,81,1,C81,1
719,81,2,C9 x C9,1
720,81,3,(C9 x C3) : C3,0
721,81,4,C9 : C9,0
722,81,5,C27 x C3,1
723,81,6,C27 : C3,0
724,81,7,(C3 x C3 x C3) : C3,0
725,81,8,(C9 x C3) : C3,0
726,81,9,(C9 x C3) : C3,0
727,81,10,C3 . ((C3 x C3) : C3) = (C3 x C3) . (C3 x C3),0
728,81,11,C9 x C3 x C3,1
729,81,12,C3 x ((C3 x C3) : C3),0
730,81,13,C3 x (C9 : C3),0
731,81,14,(C9 x C3) : C3,0
732,81,15,C3 x C3 x C3 x C3,1
733,82,1,D82,0
734,82,2,C82,1
735,83,1,C83,1
736,84,1,C7 : C12,0
737,84,2,C4 x (C7 : C3),0
738,84,3,C7 x (C3 : C4),0
739,84,4,C3 x (C7 : C4),0
740,84,5,C21 : C4,0
741,84,6,C84,1
742,84,7,C2 x (C7 : C6),0
743,84,8,S3 x D14,0
744,84,9,C2 x C2 x (C7 : C3),0
745,84,10,C7 x A4,0
746,84,11,(C14 x C2) : C3,0
747,84,12,C6 x D14,0
748,84,13,C14 x S3,0
749,84,14,D84,0
750,84,15,C42 x C2,1
751,85,1,C85,1
752,86,1,D86,0
753,86,2,C86,1
754,87,1,C87,1
755,88,1,C11 : C8,0
756,88,2,C88,1
757,88,3,C11 : Q8,0
758,88,4,C4 x D22,0
759,88,5,D88,0
760,88,6,C2 x (C11 : C4),0
761,88,7,(C22 x C2) : C2,0
762,88,8,C44 x C2,1
763,88,9,C11 x D8,0
764,88,10,C11 x Q8,0
765,88,11,C2 x C2 x D22,0
766,88,12,C22 x C2 x C2,1
767,89,1,C89,1
768,90,1,C5 x D18,0
769,90,2,C9 x D10,0
770,90,3,D90,0
771,90,4,C90,1
772,90,5,C3 x C3 x D10,0
773,90,6,C15 x S3,0
774,90,7,C3 x D30,0
775,90,8,C5 x ((C3 x C3) : C2),0
776,90,9,(C15 x C3) : C2,0
777,90,10,C30 x C3,1
778,91,1,C91,1
779,92,1,C23 : C4,0
780,92,2,C92,1
781,92,3,D92,0
782,92,4,C46 x C2,1
783,93,1,C31 : C3,0
784,93,2,C93,1
785,94,1,D94,0
786,94,2,C94,1
787,95,1,C95,1
788,96,1,C3 : C32,0
789,96,2,C96,1
790,96,3,((C4 x C2) : C4) : C3,0
791,96,4,C16 x S3,0
792,96,5,C3 : (C16 : C2),0
793,96,6,D96,0
794,96,7,C3 : QD32,0
795,96,8,C3 : Q32,0
796,96,9,C4 x (C3 : C8),0
797,96,10,C3 : (C8 : C4),0
798,96,11,C3 : (C4 : C8),0
799,96,12,C3 : ((C4 x C4) : C2),0
800,96,13,C3 : ((C2 x C2 x C2) : C4),0
801,96,14,C3 : (C8 : C4),0
802,96,15,C3 : (C8 : C4),0
803,96,16,C3 : ((C8 x C2) : C2),0
804,96,17,C3 : (Q8 : C4),0
805,96,18,C2 x (C3 : C16),0
806,96,19,C3 : (C16 : C2),0
807,96,20,C8 x (C3 : C4),0
808,96,21,C3 : (C4 : C8),0
809,96,22,C3 : (C8 : C4),0
810,96,23,C3 : (Q8 : C4),0
811,96,24,C3 : (C8 : C4),0
812,96,25,C3 : (C8 : C4),0
813,96,26,C3 : (C4 . D8 = C4 . (C4 x C2)),0
814,96,27,C3 : ((C8 x C2) : C2),0
815,96,28,C3 : ((C8 x C2) : C2),0
816,96,29,C3 : (C4 . D8 = C4 . (C4 x C2)),0
817,96,30,C3 : ((C8 : C2) : C2),0
818,96,31,C3 : (C2 . ((C4 x C2) : C2) = (C2 x C2) . (C4 x C2)),0
819,96,32,C3 : ((C4 x C4) : C2),0
820,96,33,C3 : D32,0
821,96,34,C3 : QD32,0
822,96,35,C3 : QD32,0
823,96,36,C3 : Q32,0
824,96,37,C3 : ((C8 x C2) : C2),0
825,96,38,C3 : ((C4 x C2) : C4),0
826,96,39,C3 : ((C8 x C2) : C2),0
827,96,40,C3 : ((C8 : C2) : C2),0
828,96,41,C3 : ((C2 x C2 x C2) : C4),0
829,96,42,C3 : (Q8 : C4),0
830,96,43,C3 : (C2 . ((C4 x C2) : C2) = (C2 x C2) . (C4 x C2)),0
831,96,44,C3 : ((C4 x C4) : C2),0
832,96,45,C3 x ((C4 x C2) : C4),0
833,96,46,C24 x C4,1
834,96,47,C3 x (C8 : C4),0
835,96,48,C3 x ((C8 x C2) : C2),0
836,96,49,C3 x ((C2 x C2 x C2) : C4),0
837,96,50,C3 x ((C8 : C2) : C2),0
838,96,51,C3 x (C2 . ((C4 x C2) : C2) = (C2 x C2) . (C4 x C2)),0
839,96,52,C3 x ((C8 x C2) : C2),0
840,96,53,C3 x (Q8 : C4),0
841,96,54,C3 x ((C4 x C4) : C2),0
842,96,55,C3 x (C4 : C8),0
843,96,56,C3 x (C8 : C4),0
844,96,57,C3 x (C8 : C4),0
845,96,58,C3 x (C4 . D8 = C4 . (C4 x C2)),0
846,96,59,C48 x C2,1
847,96,60,C3 x (C16 : C2),0
848,96,61,C3 x D32,0
849,96,62,C3 x QD32,0
850,96,63,C3 x Q32,0
851,96,64,((C4 x C4) : C3) : C2,0
852,96,65,A4 : C8,0
853,96,66,"SL(2,3) : C4",0
854,96,67,"SL(2,3) : C4",0
855,96,68,C2 x ((C4 x C4) : C3),0
856,96,69,"C4 x SL(2,3)",0
857,96,70,((C2 x C2 x C2 x C2) : C2) : C3,0
858,96,71,((C4 x C4) : C2) : C3,0
859,96,72,((C4 x C4) : C2) : C3,0
860,96,73,C8 x A4,0
861,96,74,((C8 x C2) : C2) : C3,0
862,96,75,C4 x (C3 : Q8),0
863,96,76,C3 : (C4 : Q8),0
864,96,77,C3 : ((C2 x C2) . (C2 x C2 x C2)),0
865,96,78,C4 x C4 x S3,0
866,96,79,C3 : ((C4 x C4) : C2),0
867,96,80,C4 x D24,0
868,96,81,C3 : ((C4 x C4) : C2),0
869,96,82,C3 : ((C4 x C4) : C2),0
870,96,83,C3 : ((C4 x C4) : C2),0
871,96,84,C3 : ((C4 x C4) : C2),0
872,96,85,C3 : ((C2 x Q8) : C2),0
873,96,86,C3 : ((C4 x C4) : C2),0
874,96,87,((C4 x C2) : C2) x S3,0
875,96,88,C3 : (C4 x D8),0
876,96,89,C3 : ((C2 x C2 x C2 x C2) : C2),0
877,96,90,C3 : ((C4 x C2 x C2) : C2),0
878,96,91,C3 : ((C4 x C2 x C2) : C2),0
879,96,92,C3 : ((C4 x C4) : C2),0
880,96,93,C3 : ((C4 x C2 x C2) : C2),0
881,96,94,C3 : (C4 x Q8),0
882,96,95,C3 : (C4 : Q8),0
883,96,96,C3 : ((C2 x C2) . (C2 x C2 x C2)),0
884,96,97,C3 : ((C2 x C2) . (C2 x C2 x C2)),0
885,96,98,(C4 : C4) x S3,0
886,96,99,C3 : ((C4 x C4) : C2),0
887,96,100,C3 : (C4 x D8),0
888,96,101,C3 : ((C4 x C2 x C2) : C2),0
889,96,102,C3 : ((C4 x C2 x C2) : C2),0
890,96,103,C3 : ((C2 x Q8) : C2),0
891,96,104,C3 : ((C2 x Q8) : C2),0
892,96,105,C3 : ((C4 x C4) : C2),0
893,96,106,C2 x C8 x S3,0
894,96,107,C2 x (C24 : C2),0
895,96,108,C3 : ((C8 x C2) : C2),0
896,96,109,C2 x (C24 : C2),0
897,96,110,C2 x D48,0
898,96,111,C3 : ((C8 x C2) : C2),0
899,96,112,C2 x (C3 : Q16),0
900,96,113,(C8 : C2) x S3,0
901,96,114,C3 : ((C8 x C2) : C2),0
902,96,115,C3 : (C8 : (C2 x C2)),0
903,96,116,C3 : ((C2 x Q8) : C2),0
904,96,117,D16 x S3,0
905,96,118,C3 : (C8 : (C2 x C2)),0
906,96,119,C3 : ((C8 x C2) : C2),0
907,96,120,QD16 x S3,0
908,96,121,C3 : (C8 : (C2 x C2)),0
909,96,122,C3 : ((C2 x Q8) : C2),0
910,96,123,C3 : ((C8 x C2) : C2),0
911,96,124,Q16 x S3,0
912,96,125,C3 : ((C2 x Q8) : C2),0
913,96,126,C3 : ((C8 x C2) : C2),0
914,96,127,C2 x C2 x (C3 : C8),0
915,96,128,C2 x ((C3 : C8) : C2),0
916,96,129,C2 x C4 x (C3 : C4),0
917,96,130,C2 x ((C3 : C4) : C4),0
918,96,131,C3 : ((C2 x Q8) : C2),0
919,96,132,C2 x (C12 : C4),0
920,96,133,C3 : ((C4 x C4) : C2),0
921,96,134,C2 x ((C12 x C2) : C2),0
922,96,135,C4 x ((C6 x C2) : C2),0
923,96,136,C3 : ((C4 x C2 x C2) : C2),0
924,96,137,C3 : ((C4 x C2 x C2) : C2),0
925,96,138,C2 x ((C3 x D8) : C2),0
926,96,139,C3 : (C8 : (C2 x C2)),0
927,96,140,C2 x ((C3 : Q8) : C2),0
928,96,141,D8 x (C3 : C4),0
929,96,142,C3 : ((C4 x C2 x C2) : C2),0
930,96,143,C3 : ((C4 x C4) : C2),0
931,96,144,C3 : ((C2 x C2 x C2 x C2) : C2),0
932,96,145,C3 : ((C4 x C2 x C2) : C2),0
933,96,146,C3 : ((C4 x C2 x C2) : C2),0
934,96,147,C3 : ((C4 x C4) : C2),0
935,96,148,C2 x ((C3 x Q8) : C2),0
936,96,149,C3 : ((C2 x Q8) : C2),0
937,96,150,C2 x (C3 : Q16),0
938,96,151,C3 : (C4 : Q8),0
939,96,152,Q8 x (C3 : C4),0
940,96,153,C3 : ((C2 x Q8) : C2),0
941,96,154,C3 : ((C4 x C4) : C2),0
942,96,155,C3 : ((C8 x C2) : C2),0
943,96,156,C3 : (C8 : (C2 x C2)),0
944,96,157,C3 : ((C8 x C2) : C2),0
945,96,158,C3 : ((C2 x Q8) : C2),0
946,96,159,C2 x ((C6 x C2) : C4),0
947,96,160,C3 : ((C2 x C2 x C2 x C2) : C2),0
948,96,161,C12 x C4 x C2,1
949,96,162,C6 x ((C4 x C2) : C2),0
950,96,163,C6 x (C4 : C4),0
951,96,164,C3 x ((C4 x C4) : C2),0
952,96,165,C12 x D8,0
953,96,166,C12 x Q8,0
954,96,167,C3 x ((C2 x C2 x C2 x C2) : C2),0
955,96,168,C3 x ((C4 x C2 x C2) : C2),0
956,96,169,C3 x ((C2 x Q8) : C2),0
957,96,170,C3 x ((C4 x C2 x C2) : C2),0
958,96,171,C3 x ((C4 x C4) : C2),0
959,96,172,C3 x ((C2 x C2) . (C2 x C2 x C2)),0
960,96,173,C3 x ((C4 x C4) : C2),0
961,96,174,C3 x ((C4 x C4) : C2),0
962,96,175,C3 x (C4 : Q8),0
963,96,176,C24 x C2 x C2,1
964,96,177,C6 x (C8 : C2),0
965,96,178,C3 x ((C8 x C2) : C2),0
966,96,179,C6 x D16,0
967,96,180,C6 x QD16,0
968,96,181,C6 x Q16,0
969,96,182,C3 x ((C8 x C2) : C2),0
970,96,183,C3 x (C8 : (C2 x C2)),0
971,96,184,C3 x ((C2 x Q8) : C2),0
972,96,185,A4 : Q8,0
973,96,186,C4 x S4,0
974,96,187,(C4 x A4) : C2,0
975,96,188,"C2 x (C2 . S4 = SL(2,3) . C2)",0
976,96,189,"C2 x GL(2,3)",0
977,96,190,"(C2 x SL(2,3)) : C2",0
978,96,191,"(C2 . S4 = SL(2,3) . C2) : C2",0
979,96,192,(((C4 x C2) : C2) : C3) : C2,0
980,96,193,(((C4 x C2) : C2) : C3) : C2,0
981,96,194,C2 x (A4 : C4),0
982,96,195,(C2 x C2 x A4) : C2,0
983,96,196,C2 x C4 x A4,0
984,96,197,D8 x A4,0
985,96,198,"C2 x C2 x SL(2,3)",0
986,96,199,Q8 x A4,0
987,96,200,C2 x (((C4 x C2) : C2) : C3),0
988,96,201,((C2 x C2 x C2) : (C2 x C2)) : C3,0
989,96,202,((C2 x Q8) : C2) : C3,0
990,96,203,(C2 x C2 x Q8) : C3,0
991,96,204,((C2 x C2 x C2) : (C2 x C2)) : C3,0
992,96,205,C2 x C2 x (C3 : Q8),0
993,96,206,C2 x C2 x C4 x S3,0
994,96,207,C2 x C2 x D24,0
995,96,208,C2 x ((C12 x C2) : C2),0
996,96,209,C2 x D8 x S3,0
997,96,210,C2 x ((C4 x S3) : C2),0
998,96,211,C3 : ((C2 x C2 x C2) : (C2 x C2)),0
999,96,212,C2 x Q8 x S3,0
1000,96,213,C2 x ((C4 x S3) : C2),0
1001,96,214,C3 : ((C2 x Q8) : C2),0
1002,96,215,((C4 x C2) : C2) x S3,0
1003,96,216,C3 : ((C2 x C2 x C2) : (C2 x C2)),0
1004,96,217,C3 : ((C2 x Q8) : C2),0
1005,96,218,C2 x C2 x C2 x (C3 : C4),0
1006,96,219,C2 x C2 x ((C6 x C2) : C2),0
1007,96,220,C12 x C2 x C2 x C2,1
1008,96,221,C2 x C6 x D8,0
1009,96,222,C2 x C6 x Q8,0
1010,96,223,C6 x ((C4 x C2) : C2),0
1011,96,224,C3 x ((C2 x C2 x C2) : (C2 x C2)),0
1012,96,225,C3 x ((C2 x Q8) : C2),0
1013,96,226,C2 x C2 x S4,0
1014,96,227,((C2 x C2 x C2 x C2) : C3) : C2,0
1015,96,228,C2 x C2 x C2 x A4,0
1016,96,229,C2 x ((C2 x C2 x C2 x C2) : C3),0
1017,96,230,C2 x C2 x C2 x C2 x S3,0
1018,96,231,C6 x C2 x C2 x C2 x C2,1
1019,97,1,C97,1
1020,98,1,D98,0
1021,98,2,C98,1
1022,98,3,C7 x D14,0
1023,98,4,(C7 x C7) : C2,0
1024,98,5,C14 x C7,1
1025,99,1,C99,1
1026,99,2,C33 x C3,1
1027,100,1,C25 : C4,0
1028,100,2,C100,1
1029,100,3,C25 : C4,0
1030,100,4,D100,0
1031,100,5,C50 x C2,1
1032,100,6,C5 x (C5 : C4),0
1033,100,7,(C5 x C5) : C4,0
1034,100,8,C20 x C5,1
1035,100,9,C5 x (C5 : C4),0
1036,100,10,(C5 x C5) : C4,0
1037,100,11,(C5 x C5) : C4,0
1038,100,12,(C5 x C5) : C4,0
1039,100,13,D10 x D10,0
1040,100,14,C10 x D10,0
1041,100,15,C2 x ((C5 x C5) : C2),0
1042,100,16,C10 x C10,1
